"Symbol","Series","Date","Prev Close","Open Price","High Price","Low Price","Last Price","Close Price","Average Price","Total Traded Quantity","Turnover","No. of Trades","Deliverable Qty","% Dly Qt to Traded Qty"
"HDFC","EQ","01-Jan-2013","        828.85","        834.65","        840.90","        832.00","        832.80","        832.95","        835.76","    1181027","           987052973.00","      11274","     804846","         68.15"
"HDFC","EQ","02-Jan-2013","        832.95","        837.00","        849.90","        837.00","        847.00","        846.60","        845.62","    2530696","          2139994774.70","      92583","    1988842","         78.59"
"HDFC","EQ","03-Jan-2013","        846.60","        849.85","        850.90","        841.00","        846.00","        845.50","        845.17","    1876311","          1585803705.20","      41536","    1500311","         79.96"
"HDFC","EQ","04-Jan-2013","        845.50","        845.00","        845.00","        828.55","        838.10","        837.70","        834.66","    2043109","          1705299981.85","      52563","    1498808","         73.36"
"HDFC","EQ","07-Jan-2013","        837.70","        842.00","        842.00","        819.75","        820.00","        822.95","        825.52","    2017590","          1665552847.40","      56005","    1618566","         80.22"
"HDFC","EQ","08-Jan-2013","        822.95","        823.00","        843.10","        822.85","        843.10","        840.30","        832.13","    1812479","          1508214777.25","      65107","    1330697","         73.42"
"HDFC","EQ","09-Jan-2013","        840.30","        840.10","        845.00","        827.00","        829.55","        830.00","        832.47","    2634749","          2193340219.50","      83793","    2207731","         83.79"
"HDFC","EQ","10-Jan-2013","        830.00","        835.00","        835.45","        820.20","        825.80","        825.50","        826.49","    2070735","          1711439404.00","      37662","    1644493","         79.42"
"HDFC","EQ","11-Jan-2013","        825.50","        827.00","        830.55","        807.00","        810.25","        809.50","        814.54","    1732119","          1410882943.60","      55388","    1274992","         73.61"
"HDFC","EQ","14-Jan-2013","        809.50","        810.10","        834.50","        805.05","        832.00","        827.05","        818.47","    1606929","          1315227401.65","      44805","    1080762","         67.26"
"HDFC","EQ","15-Jan-2013","        827.05","        830.00","        832.50","        818.20","        826.00","        825.50","        823.70","    1896195","          1561893217.55","      48476","    1388568","         73.23"
"HDFC","EQ","16-Jan-2013","        825.50","        826.00","        832.00","        815.40","        817.85","        818.85","        822.67","    1412832","          1162293845.65","      43240","     992367","         70.24"
"HDFC","EQ","17-Jan-2013","        818.85","        820.00","        820.80","        805.55","        805.55","        807.60","        810.17","    3216138","          2605632632.10","      46655","    2125827","         66.10"
"HDFC","EQ","18-Jan-2013","        807.60","        810.80","        825.80","        808.75","        822.10","        822.70","        819.49","    2486485","          2037652321.95","      69582","    1885408","         75.83"
"HDFC","EQ","21-Jan-2013","        822.70","        826.50","        827.30","        808.50","        809.00","        812.50","        817.91","    2478734","          2027371761.10","      54950","    1298892","         52.40"
"HDFC","EQ","22-Jan-2013","        812.50","        811.00","        816.70","        806.10","        813.50","        813.35","        812.03","    1304340","          1059159435.05","      47113","     769363","         58.98"
"HDFC","EQ","23-Jan-2013","        813.35","        816.80","        824.50","        814.05","        821.00","        820.85","        820.37","    1622650","          1331170349.30","      82339","    1209269","         74.52"
"HDFC","EQ","24-Jan-2013","        820.85","        817.15","        821.90","        804.75","        804.85","        807.65","        812.94","    1456875","          1184357802.65","      38386","     964514","         66.20"
"HDFC","EQ","25-Jan-2013","        807.65","        807.80","        811.65","        795.20","        807.40","        805.85","        802.51","    2213190","          1776097315.00","      53655","    1538724","         69.53"
"HDFC","EQ","28-Jan-2013","        805.85","        809.00","        813.00","        796.35","        801.20","        801.70","        802.35","    2799611","          2246257532.50","      61196","    2285725","         81.64"
"HDFC","EQ","29-Jan-2013","        801.70","        801.05","        808.70","        792.35","        803.80","        802.50","        801.49","    3887598","          3115851897.20","     108943","    3097400","         79.67"
"HDFC","EQ","30-Jan-2013","        802.50","        806.00","        806.45","        792.95","        797.00","        797.15","        796.49","    1650024","          1314226517.50","      34959","    1214669","         73.62"
"HDFC","EQ","31-Jan-2013","        797.15","        794.00","        802.75","        784.55","        787.00","        786.55","        791.49","    2753902","          2179697170.95","      89275","    2314548","         84.05"
"HDFC","EQ","01-Feb-2013","        786.55","        787.00","        790.00","        773.80","        776.65","        777.95","        781.13","    2585707","          2019761349.85","      65950","    2094055","         80.99"
"HDFC","EQ","04-Feb-2013","        777.95","        782.40","        802.00","        780.00","        798.80","        798.25","        794.50","    2623535","          2084391641.10","      48840","    1989872","         75.85"
"HDFC","EQ","05-Feb-2013","        798.25","        791.55","        800.90","        791.50","        797.50","        797.40","        797.46","    1755998","          1400343109.70","      57659","    1389748","         79.14"
"HDFC","EQ","06-Feb-2013","        797.40","        803.50","        818.00","        802.90","        806.15","        807.75","        810.01","    3296270","          2670004144.25","      72084","    2641375","         80.13"
"HDFC","EQ","07-Feb-2013","        807.75","        805.00","        821.75","        801.85","        812.65","        810.65","        815.97","    2239647","          1827484669.80","      81362","    1685249","         75.25"
"HDFC","EQ","08-Feb-2013","        810.65","        808.50","        820.90","        805.15","        809.05","        808.80","        813.96","    1193807","           971708736.00","      45732","     825104","         69.12"
"HDFC","EQ","11-Feb-2013","        808.80","        809.10","        810.85","        796.35","        799.00","        800.20","        802.55","    1884674","          1512542868.90","      74657","    1324576","         70.28"
"HDFC","EQ","12-Feb-2013","        800.20","        800.00","        806.90","        795.25","        800.00","        800.40","        802.38","    1626711","          1305234926.40","      94359","    1170914","         71.98"
"HDFC","EQ","13-Feb-2013","        800.40","        805.00","        817.30","        802.65","        815.40","        815.00","        812.94","    2833733","          2303646630.35","      85645","    2222263","         78.42"
"HDFC","EQ","14-Feb-2013","        815.00","        813.00","        820.50","        809.65","        819.00","        816.20","        814.97","    2234677","          1821188653.70","      86029","    1689107","         75.59"
"HDFC","EQ","15-Feb-2013","        816.20","        813.00","        820.25","        809.00","        810.90","        812.10","        814.37","    1799707","          1465635244.05","      54075","    1438568","         79.93"
"HDFC","EQ","18-Feb-2013","        812.10","        812.00","        827.00","        805.65","        824.80","        824.45","        822.28","    1646991","          1354283331.35","      75798","    1166551","         70.83"
"HDFC","EQ","19-Feb-2013","        824.45","        824.80","        828.40","        818.00","        823.30","        823.45","        822.08","    1009849","           830179026.10","      39020","     637215","         63.10"
"HDFC","EQ","20-Feb-2013","        823.45","        826.90","        828.30","        815.55","        820.00","        819.60","        820.50","    1520492","          1247556451.80","      31796","    1023910","         67.34"
"HDFC","EQ","21-Feb-2013","        819.60","        815.00","        820.00","        811.30","        814.50","        815.05","        815.05","    1910813","          1557411631.75","      32775","    1590099","         83.22"
"HDFC","EQ","22-Feb-2013","        815.05","        811.00","        811.95","        791.00","        800.00","        799.85","        798.21","    2776078","          2215896456.60","      80638","    2143714","         77.22"
"HDFC","EQ","25-Feb-2013","        799.85","        802.00","        810.35","        793.00","        802.00","        802.05","        801.25","    2342812","          1877167036.25","      89838","    1778503","         75.91"
"HDFC","EQ","26-Feb-2013","        802.05","        800.00","        800.00","        765.95","        772.00","        771.55","        782.24","    3054510","          2389374132.65","      77986","    2365559","         77.44"
"HDFC","EQ","27-Feb-2013","        771.55","        775.25","        788.20","        775.00","        777.90","        779.35","        780.19","    2791737","          2178089139.15","      96811","    2240285","         80.25"
"HDFC","EQ","28-Feb-2013","        779.35","        781.10","        787.30","        750.00","        767.00","        757.65","        769.11","    5699724","          4383714741.35","     112801","    3789255","         66.48"
"HDFC","EQ","01-Mar-2013","        757.65","        757.00","        782.50","        756.00","        775.90","        777.50","        773.36","    3069695","          2373967053.80","     102450","    2251832","         73.36"
"HDFC","EQ","04-Mar-2013","        777.50","        771.25","        782.15","        768.40","        773.50","        773.80","        774.57","    2996969","          2321374025.45","      71109","    2217022","         73.98"
"HDFC","EQ","05-Mar-2013","        773.80","        776.35","        785.80","        768.85","        773.45","        773.10","        774.74","    3283252","          2543657281.05","      62750","    2514525","         76.59"
"HDFC","EQ","06-Mar-2013","        773.10","        775.20","        780.00","        766.35","        774.60","        774.30","        771.94","    1724891","          1331504227.55","      51764","    1121077","         64.99"
"HDFC","EQ","07-Mar-2013","        774.30","        771.05","        786.35","        767.15","        786.00","        782.05","        773.28","    1172991","           907044636.40","      39640","     690385","         58.86"
"HDFC","EQ","08-Mar-2013","        782.05","        788.85","        816.00","        786.35","        813.00","        813.25","        802.83","    2909910","          2336168505.70","      77160","    2133447","         73.32"
"HDFC","EQ","11-Mar-2013","        813.25","        813.25","        835.90","        813.25","        830.95","        831.65","        828.93","    4448888","          3687824513.50","     105688","    3111723","         69.94"
"HDFC","EQ","12-Mar-2013","        831.65","        832.50","        838.55","        819.10","        820.65","        823.80","        826.24","    2338597","          1932243776.00","      86756","    1762094","         75.35"
"HDFC","EQ","13-Mar-2013","        823.80","        818.00","        820.90","        805.20","        805.75","        809.20","        812.13","    1187124","           964103491.25","      47124","     800648","         67.44"
"HDFC","EQ","14-Mar-2013","        809.20","        806.25","        820.00","        797.75","        812.00","        814.10","        812.39","    3594813","          2920379099.55","      78131","    2424449","         67.44"
"HDFC","EQ","15-Mar-2013","        814.10","        815.15","        831.50","        812.80","        817.05","        817.30","        822.10","    3180451","          2614645650.50","      77110","    2031611","         63.88"
"HDFC","EQ","18-Mar-2013","        817.30","        807.00","        816.00","        806.00","        809.00","        810.10","        810.42","    1361589","          1103455044.10","      26863","    1009776","         74.16"
"HDFC","EQ","19-Mar-2013","        810.10","        814.40","        814.85","        779.65","        785.15","        784.55","        792.86","    3612409","          2864148541.55","      61537","    2547636","         70.52"
"HDFC","EQ","20-Mar-2013","        784.55","        790.80","        795.85","        776.95","        780.00","        780.40","        781.43","    4001852","          3127160640.85","      79668","    3236347","         80.87"
"HDFC","EQ","21-Mar-2013","        780.40","        780.00","        812.75","        778.05","        797.15","        797.90","        800.82","    3606383","          2888046874.65","     104014","    2597451","         72.02"
"HDFC","EQ","22-Mar-2013","        797.90","        795.00","        806.10","        789.60","        799.00","        796.40","        796.61","    2652295","          2112850288.30","      86713","    2051535","         77.35"
"HDFC","EQ","25-Mar-2013","        796.40","        811.90","        818.90","        801.20","        809.00","        806.20","        810.54","    3742041","          3033081768.10","     103102","    2519924","         67.34"
"HDFC","EQ","26-Mar-2013","        806.20","        804.10","        827.50","        804.10","        818.25","        824.20","        819.06","    3355398","          2748261450.45","      84682","    2671503","         79.62"
"HDFC","EQ","28-Mar-2013","        824.20","        828.70","        830.00","        805.20","        822.45","        826.25","        818.38","    3393019","          2776778275.00","      87170","    2528647","         74.52"
"HDFC","EQ","01-Apr-2013","        826.25","        826.80","        835.40","        817.95","        827.55","        825.20","        826.25","    1514565","          1251409967.25","      54461","    1069738","         70.63"
"HDFC","EQ","02-Apr-2013","        825.20","        826.35","        827.50","        812.60","        816.00","        817.25","        817.66","    1303041","          1065443548.95","      61256","     902858","         69.29"
"HDFC","EQ","03-Apr-2013","        817.25","        817.00","        817.25","        803.05","        810.00","        811.65","        809.16","    1555063","          1258291793.15","      62408","    1164361","         74.88"
"HDFC","EQ","04-Apr-2013","        811.65","        805.00","        808.45","        789.15","        790.55","        792.35","        795.97","    1416731","          1127673213.20","      38512","     847796","         59.84"
"HDFC","EQ","05-Apr-2013","        792.35","        787.45","        789.90","        763.10","        769.60","        770.80","        771.10","    2879146","          2220101460.55","      90638","    1743815","         60.57"
"HDFC","EQ","08-Apr-2013","        770.80","        770.00","        778.95","        756.75","        758.90","        758.20","        766.45","    1174876","           900483710.20","      33217","     684697","         58.28"
"HDFC","EQ","09-Apr-2013","        758.20","        766.00","        775.00","        750.10","        751.05","        752.95","        765.20","    1754228","          1342342413.60","      50558","     956535","         54.53"
"HDFC","EQ","10-Apr-2013","        752.95","        760.00","        788.00","        755.25","        775.00","        783.15","        773.83","    3306254","          2558485889.50","     107942","    2153942","         65.15"
"HDFC","EQ","11-Apr-2013","        783.15","        778.75","        782.00","        759.20","        767.15","        763.60","        766.09","    3921034","          3003868421.90","      81540","    2646327","         67.49"
"HDFC","EQ","12-Apr-2013","        763.60","        765.10","        772.80","        761.80","        764.50","        764.80","        765.98","    3041673","          2329849649.05","     115798","    2434886","         80.05"
"HDFC","EQ","15-Apr-2013","        764.80","        766.90","        790.00","        766.10","        776.50","        774.90","        778.05","    2806499","          2183583786.60","      79692","    1965904","         70.05"
"HDFC","EQ","16-Apr-2013","        774.90","        777.00","        807.30","        772.40","        801.80","        803.70","        797.75","    2266442","          1808051894.10","     113406","    1525584","         67.31"
"HDFC","EQ","17-Apr-2013","        803.70","        806.00","        817.20","        785.55","        794.00","        790.40","        803.59","    3284433","          2639351257.20","     108816","    2423262","         73.78"
"HDFC","EQ","18-Apr-2013","        790.40","        795.00","        821.00","        795.00","        813.35","        818.25","        810.58","    3193433","          2588517878.75","     102134","    2462784","         77.12"
"HDFC","EQ","22-Apr-2013","        818.25","        819.00","        839.00","        816.95","        838.90","        835.60","        831.12","    2115449","          1758188279.65","      93757","    1383861","         65.42"
"HDFC","EQ","23-Apr-2013","        835.60","        838.00","        844.80","        823.65","        837.15","        838.10","        834.53","    1225389","          1022619686.30","      37297","     757058","         61.78"
"HDFC","EQ","25-Apr-2013","        838.10","        843.50","        885.40","        838.55","        885.35","        862.75","        857.06","    5182930","          4442075942.80","      82983","    3715675","         71.69"
"HDFC","EQ","26-Apr-2013","        862.75","        862.95","        879.10","        857.70","        874.80","        872.60","        869.67","    2560119","          2226466323.60","     128585","    1854220","         72.43"
"HDFC","EQ","29-Apr-2013","        872.60","        870.05","        874.50","        858.00","        864.95","        864.20","        865.86","    1634522","          1415261821.85","      79134","    1194057","         73.05"
"HDFC","EQ","30-Apr-2013","        864.20","        863.60","        870.55","        843.65","        847.40","        847.60","        852.34","    2710730","          2310463835.85","     110765","    1818670","         67.09"
"HDFC","EQ","02-May-2013","        847.60","        845.65","        870.90","        845.65","        862.00","        863.45","        862.89","    2976406","          2568299903.70","     143597","    2325995","         78.15"
"HDFC","EQ","03-May-2013","        863.45","        859.80","        862.00","        845.20","        855.95","        854.90","        854.60","    2059570","          1760104947.95","      58196","    1402499","         68.10"
"HDFC","EQ","06-May-2013","        854.90","        858.00","        861.35","        845.50","        853.85","        852.65","        852.09","    1186405","          1010922659.00","      54134","     842551","         71.02"
"HDFC","EQ","07-May-2013","        852.65","        854.25","        860.80","        841.30","        847.75","        853.75","        851.25","    3260999","          2775935704.30","     124470","    2499020","         76.63"
"HDFC","EQ","08-May-2013","        853.75","        859.75","        895.00","        852.00","        894.30","        885.00","        875.88","    3070552","          2689435731.75","      79669","    1456834","         47.45"
"HDFC","EQ","09-May-2013","        885.00","        893.00","        900.85","        876.30","        883.00","        880.35","        888.46","    2182837","          1939372787.10","      58190","    1067767","         48.92"
"HDFC","EQ","10-May-2013","        880.35","        880.00","        882.15","        863.10","        875.60","        877.30","        872.88","    2659090","          2321074282.20","      65028","    2042515","         76.81"
"HDFC","EQ","11-May-2013","        877.30","        875.00","        880.00","        869.35","        877.00","        874.50","        874.87","      76194","            66660061.05","       1497","      42730","         56.08"
"HDFC","EQ","13-May-2013","        874.50","        875.00","        876.80","        859.60","        863.50","        863.50","        868.19","    1652780","          1434924434.50","      67893","    1134969","         68.67"
"HDFC","EQ","14-May-2013","        863.50","        864.70","        873.00","        855.25","        873.00","        870.85","        865.59","    2017078","          1745961905.70","      78106","    1564947","         77.58"
"HDFC","EQ","15-May-2013","        870.85","        876.80","        915.95","        875.00","        908.60","        910.05","        905.08","    5682986","          5143550660.95","     118188","    4052664","         71.31"
"HDFC","EQ","16-May-2013","        910.05","        909.80","        917.50","        903.70","        909.50","        908.35","        909.28","    4700244","          4273858476.20","      89386","    3951930","         84.08"
"HDFC","EQ","17-May-2013","        908.35","        904.00","        908.00","        898.30","        901.00","        903.35","        900.78","    2665794","          2401292463.85","      98907","    2282092","         85.61"
"HDFC","EQ","20-May-2013","        903.35","        903.00","        916.70","        895.00","        899.15","        898.40","        905.19","    2658730","          2406659540.30","      60093","    2247859","         84.55"
"HDFC","EQ","21-May-2013","        898.40","        895.15","        908.80","        890.10","        899.60","        902.05","        904.10","    3095064","          2798261748.10","      57355","    2330280","         75.29"
"HDFC","EQ","22-May-2013","        902.05","        903.80","        904.00","        894.10","        901.50","        899.85","        897.76","    1971551","          1769982525.50","      53314","    1528203","         77.51"
"HDFC","EQ","23-May-2013","        899.85","        892.15","        913.80","        892.15","        902.00","        903.15","        903.66","    3458455","          3125271861.00","     132450","    2657779","         76.85"
"HDFC","EQ","24-May-2013","        903.15","        908.00","        910.15","        899.35","        905.70","        906.05","        905.88","    2830814","          2564390259.75","      74960","    2182972","         77.11"
"HDFC","EQ","27-May-2013","        906.05","        901.60","        931.40","        898.65","        929.00","        929.50","        919.54","    2443669","          2247041590.00","      97113","    1745408","         71.43"
"HDFC","EQ","28-May-2013","        929.50","        929.90","        929.90","        913.15","        919.70","        919.80","        920.39","    2347931","          2161013675.40","      95042","    1803531","         76.81"
"HDFC","EQ","29-May-2013","        919.80","        923.40","        923.40","        900.70","        908.35","        910.55","        906.47","    3007036","          2725788871.70","      81773","    2298629","         76.44"
"HDFC","EQ","30-May-2013","        910.55","        905.10","        929.00","        905.10","        925.00","        926.25","        923.21","    3100217","          2862164319.10","      65861","    2426190","         78.26"
"HDFC","EQ","31-May-2013","        926.25","        921.10","        924.00","        883.65","        899.35","        890.15","        904.84","    4387938","          3970375380.25","     115327","    3423071","         78.01"
"HDFC","EQ","03-Jun-2013","        890.15","        895.00","        898.65","        867.05","        867.65","        869.05","        879.02","    1870547","          1644243031.15","      62195","    1147572","         61.35"
"HDFC","EQ","04-Jun-2013","        869.05","        876.80","        876.80","        852.00","        853.85","        854.20","        862.76","    2621881","          2262053287.70","     133891","    1810371","         69.05"
"HDFC","EQ","05-Jun-2013","        854.20","        853.80","        855.00","        839.05","        843.00","        843.95","        846.54","    3011996","          2549760323.20","     119168","    2349628","         78.01"
"HDFC","EQ","06-Jun-2013","        843.95","        838.10","        859.50","        833.15","        843.00","        845.00","        849.45","    3198369","          2716844625.65","      71393","    2127107","         66.51"
"HDFC","EQ","07-Jun-2013","        845.00","        840.00","        856.35","        833.35","        841.00","        839.35","        843.32","    1645663","          1387813293.00","      71951","     650744","         39.54"
"HDFC","EQ","10-Jun-2013","        839.35","        844.00","        864.05","        835.80","        855.70","        852.60","        850.34","    2583932","          2197210607.60","      84396","    1534520","         59.39"
"HDFC","EQ","11-Jun-2013","        852.60","        845.50","        851.80","        826.40","        829.90","        831.15","        836.42","    2677716","          2239683561.70","     147499","    1612549","         60.22"
"HDFC","EQ","12-Jun-2013","        831.15","        830.40","        830.40","        816.25","        819.95","        820.75","        822.73","    2365088","          1945839444.60","      90055","    1621702","         68.57"
"HDFC","EQ","13-Jun-2013","        820.75","        806.10","        816.55","        804.30","        815.00","        812.20","        810.20","    5578717","          4519864744.35","     157683","    4581582","         82.13"
"HDFC","EQ","14-Jun-2013","        812.20","        820.00","        838.00","        820.00","        834.90","        835.00","        832.99","    3666156","          3053857529.80","      86287","    2892457","         78.90"
"HDFC","EQ","17-Jun-2013","        835.00","        836.10","        855.05","        831.00","        846.10","        844.40","        845.39","    2464128","          2083138484.20","      80163","    1787964","         72.56"
"HDFC","EQ","18-Jun-2013","        844.40","        844.10","        847.00","        831.15","        833.10","        834.00","        837.13","    1752255","          1466871633.60","      46869","    1124401","         64.17"
"HDFC","EQ","19-Jun-2013","        834.00","        830.00","        844.70","        828.10","        842.15","        842.75","        836.76","    2567687","          2148549957.35","      85922","    1789924","         69.71"
"HDFC","EQ","20-Jun-2013","        842.75","        829.00","        834.00","        812.00","        812.00","        817.55","        820.52","    3677976","          3017864030.20","      77105","    2979928","         81.02"
"HDFC","EQ","21-Jun-2013","        817.55","        815.00","        824.15","        801.30","        819.50","        820.70","        813.00","    2841911","          2310460745.15","     111510","    1904049","         67.00"
"HDFC","EQ","24-Jun-2013","        820.70","        814.80","        829.00","        809.95","        824.90","        824.80","        819.54","    2917116","          2390698572.70","      83650","    2000266","         68.57"
"HDFC","EQ","25-Jun-2013","        824.80","        826.90","        834.90","        810.10","        812.55","        817.45","        825.99","    2449730","          2023440890.40","      67225","    1646581","         67.21"
"HDFC","EQ","26-Jun-2013","        817.45","        818.60","        824.35","        810.00","        811.00","        815.60","        819.13","    2554481","          2092461046.15","      80306","    2025169","         79.28"
"HDFC","EQ","27-Jun-2013","        815.60","        816.50","        843.20","        809.05","        829.75","        837.15","        823.61","    4811518","          3962802917.90","     115269","    3628405","         75.41"
"HDFC","EQ","28-Jun-2013","        837.15","        839.00","        886.50","        839.00","        867.00","        879.05","        870.05","    5139254","          4471405052.75","     131373","    3943944","         76.74"
"HDFC","EQ","01-Jul-2013","        879.05","        879.00","        891.00","        861.00","        890.70","        889.65","        884.63","    2565358","          2269387863.10","      77335","    1899080","         74.03"
"HDFC","EQ","02-Jul-2013","        889.65","        886.65","        893.00","        872.25","        877.00","        875.15","        885.11","    2166106","          1917248908.60","      90602","    1444931","         66.71"
"HDFC","EQ","03-Jul-2013","        875.15","        870.00","        871.60","        850.00","        859.75","        853.60","        857.06","    1760408","          1508775146.60","      80227","    1306694","         74.23"
"HDFC","EQ","04-Jul-2013","        853.60","        857.30","        867.70","        849.80","        853.25","        852.10","        858.59","    1295767","          1112537723.20","      68948","     824292","         63.61"
"HDFC","EQ","05-Jul-2013","        852.10","        859.00","        859.65","        848.15","        849.40","        850.10","        852.87","    1960980","          1672459578.40","      81536","    1401321","         71.46"
"HDFC","EQ","08-Jul-2013","        850.10","        845.85","        846.85","        818.00","        826.90","        824.05","        823.46","    3695733","          3043272029.90","      96748","    2782844","         75.30"
"HDFC","EQ","09-Jul-2013","        824.05","        826.00","        832.00","        826.00","        830.10","        830.05","        829.54","    3236206","          2684566105.35","      70642","    2748714","         84.94"
"HDFC","EQ","10-Jul-2013","        830.05","        833.20","        834.15","        822.40","        825.05","        827.50","        828.87","    3114437","          2581462002.30","      85539","    2619856","         84.12"
"HDFC","EQ","11-Jul-2013","        827.50","        838.50","        856.70","        834.00","        851.80","        854.80","        851.04","    3000215","          2553304807.40","      67983","    2415384","         80.51"
"HDFC","EQ","12-Jul-2013","        854.80","        857.30","        859.55","        836.95","        851.10","        851.30","        848.74","    2953316","          2506599294.45","      55404","    2257469","         76.44"
"HDFC","EQ","15-Jul-2013","        851.30","        849.85","        853.60","        841.10","        848.35","        848.50","        848.73","    1580962","          1341816578.15","      48335","    1132137","         71.61"
"HDFC","EQ","16-Jul-2013","        848.50","        831.80","        831.80","        805.00","        817.60","        816.05","        813.96","    3665638","          2983694998.10","     105977","    2543580","         69.39"
"HDFC","EQ","17-Jul-2013","        816.05","        820.50","        829.05","        803.25","        814.00","        817.10","        820.19","    5669579","          4650126548.85","     143460","    4642855","         81.89"
"HDFC","EQ","18-Jul-2013","        817.10","        818.50","        835.00","        815.20","        830.00","        829.05","        821.44","    5614744","          4612160406.60","     113663","    4654426","         82.90"
"HDFC","EQ","19-Jul-2013","        829.05","        829.05","        832.00","        789.50","        799.70","        803.20","        810.80","    6622252","          5369350959.85","     151156","    3989723","         60.25"
"HDFC","EQ","22-Jul-2013","        803.20","        802.90","        833.70","        795.85","        830.70","        830.30","        825.12","    2146242","          1770899688.15","      80529","    1210965","         56.42"
"HDFC","EQ","23-Jul-2013","        830.30","        832.00","        838.45","        819.05","        826.50","        826.85","        827.59","    3677987","          3043857871.50","      77779","    3078971","         83.71"
"HDFC","EQ","24-Jul-2013","        826.85","        818.70","        818.70","        799.50","        807.50","        803.25","        806.63","    6483783","          5229995796.45","     104384","    5608461","         86.50"
"HDFC","EQ","25-Jul-2013","        803.25","        804.40","        816.00","        797.25","        800.00","        800.80","        805.76","    4837186","          3897596086.40","      85196","    3473939","         71.82"
"HDFC","EQ","26-Jul-2013","        800.80","        805.15","        813.95","        795.30","        804.00","        805.55","        804.02","    2109712","          1696261070.95","      56016","    1475997","         69.96"
"HDFC","EQ","29-Jul-2013","        805.55","        803.00","        816.80","        803.00","        804.00","        806.60","        808.84","    1619897","          1310234184.80","      45024","    1146669","         70.79"
"HDFC","EQ","30-Jul-2013","        806.60","        807.10","        821.00","        801.55","        809.00","        807.85","        809.32","    3248187","          2628834693.05","      61230","    2646119","         81.46"
"HDFC","EQ","31-Jul-2013","        807.85","        807.85","        816.00","        794.60","        800.00","        800.45","        804.96","    5920069","          4765410043.95","     134256","    4946666","         83.56"
"HDFC","EQ","01-Aug-2013","        800.45","        805.00","        825.00","        805.00","        818.00","        817.00","        818.58","    4437968","          3632826723.65","      98678","    3256337","         73.37"
"HDFC","EQ","02-Aug-2013","        817.00","        825.70","        827.30","        798.40","        803.00","        808.35","        813.60","    2616340","          2128643895.00","     111067","    1762890","         67.38"
"HDFC","EQ","05-Aug-2013","        808.35","        808.00","        817.00","        787.20","        796.10","        798.95","        802.04","    2561534","          2054460732.75","     110278","    1709645","         66.74"
"HDFC","EQ","06-Aug-2013","        798.95","        798.45","        807.55","        734.85","        757.05","        751.85","        775.70","    5898868","          4575774753.80","     125010","    3950723","         66.97"
"HDFC","EQ","07-Aug-2013","        751.85","        759.70","        759.70","        723.00","        725.80","        729.70","        734.52","   11055713","          8120648835.85","     155235","    8799364","         79.59"
"HDFC","EQ","08-Aug-2013","        729.70","        730.00","        751.50","        729.70","        745.00","        746.95","        743.05","    6720921","          4993977298.00","     100300","    5665244","         84.29"
"HDFC","EQ","12-Aug-2013","        746.95","        755.00","        783.15","        745.00","        770.00","        769.75","        764.96","    5599176","          4283161008.65","      79453","    4428111","         79.09"
"HDFC","EQ","13-Aug-2013","        769.75","        769.85","        794.60","        755.45","        793.90","        791.95","        779.58","    3162116","          2465120551.60","     102045","    2127399","         67.28"
"HDFC","EQ","14-Aug-2013","        791.95","        795.00","        799.30","        775.55","        783.10","        780.70","        783.76","    2636452","          2066346767.90","      56444","    1704669","         64.66"
"HDFC","EQ","16-Aug-2013","        780.70","        780.00","        780.30","        731.00","        740.45","        737.90","        743.75","    5354663","          3982534346.25","     161452","    4057391","         75.77"
"HDFC","EQ","19-Aug-2013","        737.90","        731.00","        740.65","        712.20","        725.15","        735.50","        726.23","    5182645","          3763776703.95","     163726","    4000378","         77.19"
"HDFC","EQ","20-Aug-2013","        735.50","        716.00","        740.70","        710.55","        726.00","        726.25","        726.70","    5240733","          3808427675.70","     151613","    4039567","         77.08"
"HDFC","EQ","21-Aug-2013","        726.25","        750.80","        759.45","        734.00","        745.45","        747.25","        747.28","    6176085","          4615234111.45","     109480","    5172201","         83.75"
"HDFC","EQ","22-Aug-2013","        747.25","        744.00","        748.85","        727.20","        736.45","        735.90","        737.43","    3413023","          2516850766.75","     100543","    2328726","         68.23"
"HDFC","EQ","23-Aug-2013","        735.90","        737.00","        747.90","        720.10","        738.95","        740.85","        735.96","    3793047","          2791535080.25","     103972","    2575173","         67.89"
"HDFC","EQ","26-Aug-2013","        740.85","        744.25","        749.80","        735.45","        739.00","        744.00","        744.66","    2824008","          2102916487.20","      85236","    2065994","         73.16"
"HDFC","EQ","27-Aug-2013","        744.00","        735.00","        735.00","        666.75","        689.05","        686.00","        688.02","    5956827","          4098424858.60","     146970","    3711156","         62.30"
"HDFC","EQ","28-Aug-2013","        686.00","        671.55","        676.05","        632.20","        649.65","        652.75","        648.25","   13780849","          8933404495.80","     284236","   10389123","         75.39"
"HDFC","EQ","29-Aug-2013","        652.75","        659.00","        702.80","        658.20","        690.15","        695.50","        690.29","    8304579","          5732552773.60","     125565","    5508845","         66.34"
"HDFC","EQ","30-Aug-2013","        695.50","        700.00","        733.25","        698.50","        725.00","        718.65","        710.68","    6360989","          4520644417.20","     154512","    4934782","         77.58"
"HDFC","EQ","02-Sep-2013","        718.65","        724.70","        745.00","        723.10","        738.50","        738.40","        734.80","    4222035","          3102357039.60","     115318","    2774224","         65.71"
"HDFC","EQ","03-Sep-2013","        738.40","        745.00","        745.00","        695.35","        696.00","        702.35","        706.42","    5619080","          3969448017.90","     106680","    3846909","         68.46"
"HDFC","EQ","04-Sep-2013","        702.35","        696.00","        712.40","        685.40","        711.20","        709.50","        703.05","    4033873","          2836009208.60","     107275","    2509908","         62.22"
"HDFC","EQ","05-Sep-2013","        709.50","        726.70","        774.90","        726.70","        750.00","        750.40","        749.42","    3853912","          2888189230.60","     100020","    2604587","         67.58"
"HDFC","EQ","06-Sep-2013","        750.40","        755.00","        768.00","        730.00","        768.00","        760.85","        757.31","    3509710","          2657939870.80","     146115","    2119362","         60.39"
"HDFC","EQ","10-Sep-2013","        760.85","        780.00","        816.80","        776.00","        807.00","        809.15","        806.78","    7012085","          5657192272.95","     150733","    4646851","         66.27"
"HDFC","EQ","11-Sep-2013","        809.15","        808.75","        816.80","        787.80","        807.00","        811.80","        802.93","    4672382","          3751617234.70","     131347","    3267143","         69.92"
"HDFC","EQ","12-Sep-2013","        811.80","        815.50","        825.00","        793.50","        815.10","        814.45","        812.99","    5844709","          4751660998.90","     154285","    3785303","         64.76"
"HDFC","EQ","13-Sep-2013","        814.45","        809.90","        813.70","        797.10","        807.35","        807.95","        807.74","    3841877","          3103246670.55","     110115","    2774784","         72.22"
"HDFC","EQ","16-Sep-2013","        807.95","        828.00","        828.00","        796.05","        812.70","        814.25","        813.40","    3154105","          2565549037.35","     116314","    1957428","         62.06"
"HDFC","EQ","17-Sep-2013","        814.25","        807.00","        808.55","        796.40","        803.30","        803.95","        802.06","    2827630","          2267934502.80","      94124","    2067275","         73.11"
"HDFC","EQ","18-Sep-2013","        803.95","        807.00","        808.90","        780.00","        802.65","        799.20","        791.06","    4697409","          3715909809.75","     117823","    3037576","         64.66"
"HDFC","EQ","19-Sep-2013","        799.20","        839.00","        843.60","        822.50","        832.00","        834.55","        833.06","   12423950","         10349912808.25","     205186","   10176778","         81.91"
"HDFC","EQ","20-Sep-2013","        834.55","        836.00","        843.20","        784.35","        803.90","        810.40","        820.02","   19090821","         15654821101.90","     185175","   12469778","         65.32"
"HDFC","EQ","23-Sep-2013","        810.40","        792.00","        796.25","        770.00","        770.15","        776.20","        778.77","    5102555","          3973733950.20","     143548","    3692710","         72.37"
"HDFC","EQ","24-Sep-2013","        776.20","        765.15","        796.55","        765.00","        786.60","        788.25","        786.02","    3818752","          3001599292.90","      98100","    2359056","         61.78"
"HDFC","EQ","25-Sep-2013","        788.25","        790.00","        792.00","        771.40","        778.30","        779.65","        779.26","    3581325","          2790780297.00","      74966","    2406472","         67.20"
"HDFC","EQ","26-Sep-2013","        779.65","        777.00","        799.50","        775.00","        790.00","        792.85","        792.63","    4209459","          3336543499.70","      63952","    2927022","         69.53"
"HDFC","EQ","27-Sep-2013","        792.85","        797.00","        797.00","        777.30","        784.05","        784.20","        783.36","    2141757","          1677772404.95","      63477","    1392545","         65.02"
"HDFC","EQ","30-Sep-2013","        784.20","        780.00","        780.00","        755.70","        758.15","        764.25","        770.72","    3024909","          2331358169.05","      91584","    2090331","         69.10"
"HDFC","EQ","01-Oct-2013","        764.25","        763.80","        789.50","        761.25","        787.00","        785.90","        775.07","    1873462","          1452058429.80","     101120","    1018230","         54.35"
"HDFC","EQ","03-Oct-2013","        785.90","        793.50","        804.80","        780.10","        801.25","        802.40","        793.64","    4233586","          3359947984.00","     137588","    3037033","         71.74"
"HDFC","EQ","04-Oct-2013","        802.40","        800.95","        806.40","        790.95","        799.50","        798.70","        798.41","    3557152","          2840070420.60","     143674","    2555435","         71.84"
"HDFC","EQ","07-Oct-2013","        798.70","        793.25","        800.15","        777.50","        798.00","        797.80","        784.93","    2439267","          1914650675.30","      69710","    1536233","         62.98"
"HDFC","EQ","08-Oct-2013","        797.80","        815.25","        817.80","        785.30","        787.00","        791.50","        794.61","    3597782","          2858848133.45","      68861","    2690744","         74.79"
"HDFC","EQ","09-Oct-2013","        791.50","        782.55","        804.95","        779.50","        802.65","        802.20","        797.34","    3937587","          3139579207.50","      94337","    2150730","         54.62"
"HDFC","EQ","10-Oct-2013","        802.20","        798.35","        812.25","        796.00","        810.40","        808.25","        801.41","    1568067","          1256662009.20","      49355","     747978","         47.70"
"HDFC","EQ","11-Oct-2013","        808.25","        816.20","        817.00","        805.30","        808.90","        810.50","        809.68","    2241802","          1815139548.75","      47315","    1431532","         63.86"
"HDFC","EQ","14-Oct-2013","        810.50","        809.90","        809.90","        796.35","        804.20","        803.35","        802.35","    1734510","          1391684768.65","      58548","    1050169","         60.55"
"HDFC","EQ","15-Oct-2013","        803.35","        805.00","        811.00","        797.15","        798.85","        801.95","        801.53","    1709161","          1369946549.40","      43148","    1004738","         58.79"
"HDFC","EQ","17-Oct-2013","        801.95","        816.00","        816.00","        790.00","        793.50","        795.20","        799.28","    2421727","          1935628325.45","      65044","    1390394","         57.41"
"HDFC","EQ","18-Oct-2013","        795.20","        800.00","        822.00","        799.05","        816.25","        819.45","        814.06","    2055857","          1673592731.70","      56915","    1235705","         60.11"
"HDFC","EQ","21-Oct-2013","        819.45","        826.50","        826.50","        804.05","        825.50","        821.15","        813.59","    2714921","          2208828638.10","      77910","     827085","         30.46"
"HDFC","EQ","22-Oct-2013","        821.15","        816.05","        820.55","        799.20","        813.25","        810.70","        806.78","    2072556","          1672097904.55","      67296","     971370","         46.87"
"HDFC","EQ","23-Oct-2013","        810.70","        813.25","        816.90","        798.30","        809.00","        809.70","        805.22","    2014493","          1622112531.05","      73941","    1174123","         58.28"
"HDFC","EQ","24-Oct-2013","        809.70","        807.10","        820.00","        803.50","        814.75","        812.15","        814.05","    2202103","          1792619031.60","      65321","    1286392","         58.42"
"HDFC","EQ","25-Oct-2013","        812.15","        814.00","        814.00","        803.70","        808.50","        809.80","        808.85","    1613485","          1305073056.25","      50710","    1058256","         65.59"
"HDFC","EQ","28-Oct-2013","        809.80","        815.00","        823.00","        811.85","        821.90","        820.85","        818.82","    1410915","          1155280220.05","      89730","     782144","         55.44"
"HDFC","EQ","29-Oct-2013","        820.85","        827.80","        842.00","        812.55","        838.00","        839.60","        829.99","    2433473","          2019769095.20","      51393","    1374515","         56.48"
"HDFC","EQ","30-Oct-2013","        839.60","        842.00","        852.20","        838.85","        845.00","        849.45","        847.58","    5509041","          4669350342.40","      43678","    2688885","         48.81"
"HDFC","EQ","31-Oct-2013","        849.45","        846.00","        859.25","        844.05","        857.00","        855.05","        852.07","    4891246","          4167701368.00","      62028","    3670410","         75.04"
"HDFC","EQ","01-Nov-2013","        855.05","        855.50","        859.30","        845.10","        853.50","        855.40","        855.21","    3546371","          3032897472.25","      92167","    2349391","         66.25"
"HDFC","EQ","03-Nov-2013","        855.40","        856.00","        858.65","        843.25","        853.25","        852.80","        851.62","     176489","           150301642.35","       2912","      92535","         52.43"
"HDFC","EQ","05-Nov-2013","        852.80","        848.50","        864.90","        848.50","        857.00","        859.45","        859.00","    2863157","          2459447498.30","      86504","    2207223","         77.09"
"HDFC","EQ","06-Nov-2013","        859.45","        856.10","        857.95","        833.05","        841.70","        838.95","        846.34","    3170876","          2683639360.70","      41351","    1924990","         60.71"
"HDFC","EQ","07-Nov-2013","        838.95","        842.00","        859.00","        837.95","        842.00","        841.75","        846.94","    2434715","          2062060818.45","      97700","    1448820","         59.51"
"HDFC","EQ","08-Nov-2013","        841.75","        834.00","        838.95","        805.55","        810.70","        809.35","        816.89","    3457699","          2824550512.50","      75984","    2275524","         65.81"
"HDFC","EQ","11-Nov-2013","        809.35","        809.35","        814.00","        793.65","        806.20","        805.35","        806.74","    2901036","          2340385428.75","      73302","    1934710","         66.69"
"HDFC","EQ","12-Nov-2013","        805.35","        808.70","        813.80","        793.00","        793.40","        794.85","        801.20","    1768595","          1416999397.25","      53400","    1155464","         65.33"
"HDFC","EQ","13-Nov-2013","        794.85","        790.00","        801.65","        788.55","        793.55","        791.40","        794.20","    2038529","          1618998836.90","      69903","    1299488","         63.75"
"HDFC","EQ","14-Nov-2013","        791.40","        800.10","        812.95","        790.00","        792.60","        793.30","        797.70","    1226278","           978205964.90","      47244","     639793","         52.17"
"HDFC","EQ","18-Nov-2013","        793.30","        802.25","        817.00","        796.75","        816.15","        814.45","        807.51","    2930824","          2366664470.35","      77127","    2095779","         71.51"
"HDFC","EQ","19-Nov-2013","        814.45","        817.10","        821.55","        811.35","        818.50","        818.40","        817.72","    1295454","          1059321524.60","      49628","     779765","         60.19"
"HDFC","EQ","20-Nov-2013","        818.40","        813.50","        826.10","        801.00","        802.95","        807.75","        817.28","    1844772","          1507702046.05","      54521","    1202868","         65.20"
"HDFC","EQ","21-Nov-2013","        807.75","        802.00","        803.70","        780.10","        780.50","        781.70","        786.77","    2638821","          2076156974.15","      90045","    1642004","         62.22"
"HDFC","EQ","22-Nov-2013","        781.70","        780.50","        802.70","        780.50","        796.85","        793.35","        792.32","    1420386","          1125400082.95","      58349","     715962","         50.41"
"HDFC","EQ","25-Nov-2013","        793.35","        798.00","        822.00","        797.40","        816.00","        818.70","        810.33","    1549773","          1255829592.25","      62316","     970711","         62.64"
"HDFC","EQ","26-Nov-2013","        818.70","        811.00","        818.00","        803.00","        806.00","        807.35","        808.99","    2081747","          1684109586.15","      81919","    1457236","         70.00"
"HDFC","EQ","27-Nov-2013","        807.35","        807.00","        812.00","        795.55","        807.00","        808.10","        802.82","    2199636","          1765914465.70","     109253","    1621338","         73.71"
"HDFC","EQ","28-Nov-2013","        808.10","        815.00","        818.60","        805.60","        815.25","        814.10","        813.14","    2998078","          2437843641.70","      91809","    2313650","         77.17"
"HDFC","EQ","29-Nov-2013","        814.10","        814.55","        827.45","        812.25","        825.00","        823.80","        824.28","    3710056","          3058117393.85","      67408","    1832322","         49.39"
"HDFC","EQ","02-Dec-2013","        823.80","        821.00","        832.00","        821.00","        824.00","        827.65","        829.18","    1689702","          1401063957.45","      66283","    1283050","         75.93"
"HDFC","EQ","03-Dec-2013","        827.65","        822.00","        826.00","        815.00","        820.70","        822.40","        820.16","    2469584","          2025442969.70","      76330","    1711066","         69.29"
"HDFC","EQ","04-Dec-2013","        822.40","        820.00","        821.35","        810.05","        814.15","        812.15","        816.70","    1755186","          1433467256.45","      59832","    1111055","         63.30"
"HDFC","EQ","05-Dec-2013","        812.15","        827.00","        839.00","        822.65","        825.00","        827.45","        830.09","    2586531","          2147064415.85","      66574","    1884818","         72.87"
"HDFC","EQ","06-Dec-2013","        827.45","        824.50","        829.50","        810.05","        815.70","        813.75","        817.11","    2472172","          2020041146.90","      93407","    1840520","         74.45"
"HDFC","EQ","09-Dec-2013","        813.75","        842.20","        842.95","        818.95","        819.55","        820.00","        824.02","    3450146","          2842984312.00","      81618","    2764713","         80.13"
"HDFC","EQ","10-Dec-2013","        820.00","        820.00","        820.60","        805.75","        807.50","        808.95","        812.47","    2515867","          2044066348.40","      77449","    1779811","         70.74"
"HDFC","EQ","11-Dec-2013","        808.95","        804.80","        824.60","        804.40","        824.00","        818.20","        811.03","    2365634","          1918600090.50","      46266","    1691842","         71.52"
"HDFC","EQ","12-Dec-2013","        818.20","        815.50","        830.55","        815.50","        825.95","        826.95","        823.85","    2374414","          1956155444.10","      58756","    1362343","         57.38"
"HDFC","EQ","13-Dec-2013","        826.95","        819.50","        821.65","        803.40","        807.35","        806.80","        809.49","    3540693","          2866167740.15","      74383","    2579680","         72.86"
"HDFC","EQ","16-Dec-2013","        806.80","        809.80","        809.80","        795.55","        797.50","        798.55","        802.44","    1868292","          1499190458.15","      70191","    1275517","         68.27"
"HDFC","EQ","17-Dec-2013","        798.55","        800.25","        803.00","        774.55","        782.80","        778.45","        785.31","    2100476","          1649516550.70","      63461","    1490393","         70.96"
"HDFC","EQ","18-Dec-2013","        778.45","        779.90","        808.90","        778.45","        800.00","        798.25","        797.28","    2269221","          1809197373.60","      67035","    1599505","         70.49"
"HDFC","EQ","19-Dec-2013","        798.25","        804.00","        808.95","        775.00","        778.00","        776.25","        781.02","    2096385","          1637316450.85","      68402","    1306135","         62.30"
"HDFC","EQ","20-Dec-2013","        776.25","        770.10","        808.35","        770.10","        805.65","        801.85","        790.75","    2456400","          1942386036.15","      69122","    1649795","         67.16"
"HDFC","EQ","23-Dec-2013","        801.85","        801.85","        807.20","        787.15","        789.95","        789.80","        794.01","    1772374","          1407286671.55","      59070","    1109244","         62.59"
"HDFC","EQ","24-Dec-2013","        789.80","        793.30","        795.05","        778.10","        779.25","        779.90","        782.36","    1841042","          1440348641.05","      41280","    1152410","         62.60"
"HDFC","EQ","26-Dec-2013","        779.90","        779.00","        786.05","        774.10","        776.25","        779.30","        778.55","    3829349","          2981323718.70","      65765","    2338190","         61.06"
"HDFC","EQ","27-Dec-2013","        779.30","        780.20","        791.60","        775.25","        790.00","        788.40","        787.18","    1390357","          1094463082.70","      47908","     883993","         63.58"
"HDFC","EQ","30-Dec-2013","        788.40","        791.80","        799.40","        786.95","        798.00","        795.65","        794.25","    1971385","          1565767855.20","      50087","    1441086","         73.10"
"HDFC","EQ","31-Dec-2013","        795.65","        800.25","        801.85","        790.60","        798.00","        794.65","        795.11","    1330552","          1057933724.45","      44599","     982331","         73.83"
